Name,Title,Company,Industry,LinkedIn URL,Website,Company Size,Location,Gaps Identified,Priority,Pitch Angle
Richard Bailey,Managing Director,Thwaites Brewery,Beverages Manufacturing,linkedin.com/in/richard-bailey-thwaites,thwaites.co.uk,200-500,United Kingdom (Blackburn),No e-commerce for direct sales; Outdated booking engine for pubs/hotels; Limited mobile optimization,High,"Hi Richard - Thwaites' 200+ year heritage is remarkable. Many traditional breweries now add direct-to-consumer digital sales. We help heritage brands modernize without losing their story - interested to explore?"
Andreas Schmid,CEO,Schmid Textil AG,Textile Manufacturing,linkedin.com/in/andreas-schmid-textil,schmid-textil.de,150-400,Germany,No B2B portal for wholesale orders; Outdated product catalog; No mobile app for buyers,High,"Hi Andreas - Schmid Textil's position in German manufacturing is solid. Many textile manufacturers lack modern B2B ordering platforms. We help manufacturers digitize wholesale operations - worth a brief conversation?"
Marie Dupont,Founder,Dupont Agri Services,Agriculture/Farm Supplies,linkedin.com/in/marie-dupont-agri,dupont-agri.fr,50-150,France,Basic website; No e-commerce for farm supplies; No digital ordering system; Missing mobile presence,High,"Bonjour Marie - Dupont Agri serves French farmers with essential supplies. Many agricultural distributors are moving to digital ordering platforms. We help agri-businesses build e-commerce solutions - any interest?"
Pieter van Dijk,Managing Director,Van Dijk Logistics,Logistics/Transportation,linkedin.com/in/pieter-van-dijk,vdijk-logistics.nl,75-200,Netherlands,No customer tracking portal; Outdated website; Missing mobile app for clients; No digital freight management,High,"Hi Pieter - Van Dijk Logistics' regional network is impressive. Many Dutch logistics firms need customer-facing tracking technology. We help logistics companies build client portals - worth a 15-minute conversation?"
Emma Richardson,CEO,Richardson Healthcare Supplies,Healthcare/Distribution,linkedin.com/in/emma-richardson-health,richardson-supplies.co.uk,100-250,United Kingdom,Basic brochure site; No customer portal for ordering; No inventory visibility; Poor mobile experience,High,"Hi Emma - Richardson Healthcare serves the NHS and private sector. Many healthcare distributors need B2B portals and modern web presence. We specialize in healthcare digital transformation - worth a brief chat?"
Thomas Weber,Founder,Weber Medical Devices,Healthcare/Medical Devices,linkedin.com/in/thomas-weber-med,weber-medical.de,50-150,Germany,Template website; No compliance-focused design; No patient portal; Limited mobile optimization,High,"Hi Thomas - Weber Medical Devices serves German healthcare providers. Many mid-size medical manufacturers need compliant digital platforms. We have healthcare specialization - any interest in a brief call?"
Lucas Moreau,CEO,Moreau Construction,Construction,linkedin.com/in/lucas-moreau-construction,moreau-construction.fr,150-350,France,No project portfolio; No client portal; Outdated design; No digital bidding/proposal system,High,"Bonjour Lucas - Moreau Construction's regional reputation is strong. French construction companies increasingly need digital project showcases and client portals. We help construction firms build impressive digital portfolios - thoughts on a quick chat?"
Sophie Müller,Managing Director,Müller Natural Foods,D2C/Consumer Goods,linkedin.com/in/sophie-muller-foods,muellernatural.de,100-300,Germany,Shopify site with limited customization; No subscription features; Missing mobile app; Poor SEO,High,"Hi Sophie - Müller Natural Foods' organic product line is compelling. Many growing D2C brands outgrow basic Shopify and need custom e-commerce with subscriptions. We help D2C brands scale their tech - worth a conversation?"
James O'Connor,Founder,O'Connors Agri Supplies,Agriculture/Distribution,linkedin.com/in/james-oconnor-agri,oconnors-agri.ie,75-180,Ireland,No e-commerce platform; Outdated catalog; No online ordering; Missing mobile optimization,High,"Hi James - O'Connors Agri serves farmers across Ireland. Many agricultural suppliers need mobile-friendly e-commerce platforms. We help agri-businesses digitize - any interest in discussing modernization?"
Anna Schmidt,CEO,Schmidt Textile Solutions,Textile/Sustainability,linkedin.com/in/anna-schmidt-textile,schmidt-textile.de,200-450,Germany,Outdated B2B platform; No sustainable sourcing portal; Limited mobile; Missing ERP integration,High,"Hi Anna - Schmidt Textile's sustainability focus is impressive. Many textile companies need modern B2B portals that showcase ethical supply chains. We help manufacturers digitize with purpose - worth exploring?"
